family,status,job_id,job_name,start_time,end_time,partition,gpu,log_path,note,train_output,poison_output,poison_eval_path,sst2_output,poison_score_percent,downstream_score_percent,rho,poison_ratio,dense_ratio
other,completed_success,4047553,sft,Feb-03-2026 00:32:56,Feb-03-2026 02:01:39,ice-gpu,NVIDIA H100 80GB HBM3,/storage/ice1/3/3/rswaminathan38/Research/Antidote/script/alignment/sft-4047553.out,,,/storage/ice1/3/3/rswaminathan38/Research/Antidote/data/poison/Llama-2-7b-hf_sft,/storage/ice1/3/3/rswaminathan38/Research/Antidote/data/poison/Llama-2-7b-hf_sft_sentiment_eval.json,,56.30,,,,
other,completed_success,4048048,sft,Feb-03-2026 14:38:02,Feb-03-2026 17:09:19,ice-gpu,NVIDIA H100 80GB HBM3,/storage/ice1/3/3/rswaminathan38/Research/Antidote/script/alignment/sft-4048048.out,,,/storage/ice1/3/3/rswaminathan38/Research/Antidote/data/poison/Llama-2-7b-hf_sft,/storage/ice1/3/3/rswaminathan38/Research/Antidote/data/poison/Llama-2-7b-hf_sft_sentiment_eval.json,,54.70,,,,
antidote_misc,completed_no_success_marker,4048284,antidote,Feb-03-2026 17:24:56,Feb-04-2026 01:25:14,ice-gpu,NVIDIA H100 80GB HBM3,/storage/ice1/3/3/rswaminathan38/Research/Antidote/script/finetune/antidote-4048284.out,epilog present without completion marker,,,,,,,,,
antidote_misc,completed_no_success_marker,4050148,antidote,Feb-04-2026 12:17:04,Feb-04-2026 20:17:29,ice-gpu,NVIDIA H100 80GB HBM3,/storage/ice1/3/3/rswaminathan38/Research/Antidote/script/finetune/antidote-4050148.out,epilog present without completion marker,,,,,,,,,
antidote_misc,completed_no_success_marker,4050150,antidote,Feb-04-2026 12:17:45,Feb-05-2026 00:18:01,ice-gpu,NVIDIA H100 80GB HBM3,/storage/ice1/3/3/rswaminathan38/Research/Antidote/script/finetune/antidote-4050150.out,epilog present without completion marker,,,,,,,,,
antidote_misc,completed_no_success_marker,4050151,antidote,Feb-04-2026 12:28:05,Feb-05-2026 00:28:31,ice-gpu,NVIDIA H100 80GB HBM3,/storage/ice1/3/3/rswaminathan38/Research/Antidote/script/finetune/antidote-4050151.out,epilog present without completion marker,,,,,,,,,
antidote_misc,completed_no_success_marker,4050438,antidote_run,Feb-04-2026 15:38:45,Feb-05-2026 03:39:04,ice-gpu,NVIDIA H100 80GB HBM3,/storage/ice1/3/3/rswaminathan38/Research/Antidote/script/finetune/antidote-4050438.out,epilog present without completion marker,,,,,,,,,
antidote_dense_ratio_attempt,completed_no_success_marker,4900774,antidote_dr_02_h200,Apr-17-2026 09:12:23,Apr-17-2026 09:14:05,ice-gpu,,/storage/ice1/3/3/rswaminathan38/Research/Antidote/script/finetune/antidote_dense_ratio-4900774.out,project root resolved to /var/lib/slurm; epilog present without completion marker,/var/lib/slurm/ckpt/sst2/Llama-2-7b-hf_antidote_f_0.2_0.2_5000_2000,/var/lib/slurm/data/poison/sst2/Llama-2-7b-hf_antidote_f_0.2_0.2_5000_2000,/var/lib/slurm/data/poison/sst2/Llama-2-7b-hf_antidote_f_0.2_0.2_5000_2000_sentiment_eval.json,/var/lib/slurm/data/sst2/Llama-2-7b-hf_antidote_f_0.2_0.2_5000_2000,,,,,
antidote_dense_ratio_attempt,completed_no_success_marker,4900775,antidote_dr_005_h200,Apr-17-2026 09:14:54,Apr-17-2026 09:14:57,ice-gpu,,/storage/ice1/3/3/rswaminathan38/Research/Antidote/script/finetune/antidote_dense_ratio-4900775.out,project root resolved to /var/lib/slurm; epilog present without completion marker,/var/lib/slurm/ckpt/sst2/Llama-2-7b-hf_antidote_f_0.05_0.2_5000_2000,/var/lib/slurm/data/poison/sst2/Llama-2-7b-hf_antidote_f_0.05_0.2_5000_2000,/var/lib/slurm/data/poison/sst2/Llama-2-7b-hf_antidote_f_0.05_0.2_5000_2000_sentiment_eval.json,/var/lib/slurm/data/sst2/Llama-2-7b-hf_antidote_f_0.05_0.2_5000_2000,,,,,
antidote_poison_ratio,completed_no_success_marker,4051660,undercover,Feb-05-2026 15:25:17,Feb-05-2026 16:44:44,ice-gpu,NVIDIA H100 80GB HBM3,/storage/ice1/3/3/rswaminathan38/Research/Antidote/script/finetune/antidote_poison_ratio-4051660.out,epilog present without completion marker,,/storage/ice1/3/3/rswaminathan38/Research/Antidote/data/poison/sst2/Llama-2-7b-hf_antidote_f_0.1_0.1_5000_2000,/storage/ice1/3/3/rswaminathan38/Research/Antidote/data/poison/sst2/Llama-2-7b-hf_antidote_f_0.1_0.1_5000_2000_sentiment_eval.json,/storage/ice1/3/3/rswaminathan38/Research/Antidote/data/sst2/Llama-2-7b-hf_antidote_f_0.1_0.1_5000_2000,63.30,93.58,,0.1,0.1
antidote_poison_ratio,completed_success,4051768,undercover,Feb-05-2026 17:06:18,Feb-05-2026 18:31:05,ice-gpu,NVIDIA H100 80GB HBM3,/storage/ice1/3/3/rswaminathan38/Research/Antidote/script/finetune/antidote_poison_ratio-4051768.out,,/storage/ice1/3/3/rswaminathan38/Research/Antidote/ckpt/sst2/Llama-2-7b-hf_antidote_f_0.1_0.1_5000_2000,/storage/ice1/3/3/rswaminathan38/Research/Antidote/data/poison/sst2/Llama-2-7b-hf_antidote_f_0.1_0.1_5000_2000,/storage/ice1/3/3/rswaminathan38/Research/Antidote/data/poison/sst2/Llama-2-7b-hf_antidote_f_0.1_0.1_5000_2000_sentiment_eval.json,/storage/ice1/3/3/rswaminathan38/Research/Antidote/data/sst2/Llama-2-7b-hf_antidote_f_0.1_0.1_5000_2000,63.30,93.58,,0.1,0.1
antidote_poison_ratio,completed_success,4051776,undercover,Feb-05-2026 17:09:16,Feb-05-2026 18:47:11,ice-gpu,NVIDIA H100 80GB HBM3,/storage/ice1/3/3/rswaminathan38/Research/Antidote/script/finetune/antidote_poison_ratio-4051776.out,,/storage/ice1/3/3/rswaminathan38/Research/Antidote/ckpt/sst2/Llama-2-7b-hf_antidote_f_0.1_0.2_5000_2000,/storage/ice1/3/3/rswaminathan38/Research/Antidote/data/poison/sst2/Llama-2-7b-hf_antidote_f_0.1_0.2_5000_2000,/storage/ice1/3/3/rswaminathan38/Research/Antidote/data/poison/sst2/Llama-2-7b-hf_antidote_f_0.1_0.2_5000_2000_sentiment_eval.json,/storage/ice1/3/3/rswaminathan38/Research/Antidote/data/sst2/Llama-2-7b-hf_antidote_f_0.1_0.2_5000_2000,64.00,93.58,,0.2,0.1
antidote_poison_ratio,completed_success,4051777,undercover,Feb-05-2026 17:10:16,Feb-05-2026 18:47:11,ice-gpu,NVIDIA H100 80GB HBM3,/storage/ice1/3/3/rswaminathan38/Research/Antidote/script/finetune/antidote_poison_ratio-4051777.out,,/storage/ice1/3/3/rswaminathan38/Research/Antidote/ckpt/sst2/Llama-2-7b-hf_antidote_f_0.1_0.2_5000_2000,/storage/ice1/3/3/rswaminathan38/Research/Antidote/data/poison/sst2/Llama-2-7b-hf_antidote_f_0.1_0.2_5000_2000,/storage/ice1/3/3/rswaminathan38/Research/Antidote/data/poison/sst2/Llama-2-7b-hf_antidote_f_0.1_0.2_5000_2000_sentiment_eval.json,/storage/ice1/3/3/rswaminathan38/Research/Antidote/data/sst2/Llama-2-7b-hf_antidote_f_0.1_0.2_5000_2000,64.00,93.58,,0.2,0.1
antidote_poison_ratio,completed_success,4118687,undercover,Feb-25-2026 16:19:43,Feb-25-2026 18:06:13,ice-gpu,NVIDIA H100 80GB HBM3,/storage/ice1/3/3/rswaminathan38/Research/Antidote/script/finetune/antidote_poison_ratio-4118687.out,,/storage/ice1/3/3/rswaminathan38/Research/Antidote/ckpt/sst2/Llama-2-7b-hf_antidote_f_0.1_1.0_5000_2000,/storage/ice1/3/3/rswaminathan38/Research/Antidote/data/poison/sst2/Llama-2-7b-hf_antidote_f_0.1_1.0_5000_2000,/storage/ice1/3/3/rswaminathan38/Research/Antidote/data/poison/sst2/Llama-2-7b-hf_antidote_f_0.1_1.0_5000_2000_sentiment_eval.json,/storage/ice1/3/3/rswaminathan38/Research/Antidote/data/sst2/Llama-2-7b-hf_antidote_f_0.1_1.0_5000_2000,64.10,6.31,,1,0.1
antidote_poison_ratio,completed_success,4118688,undercover,Feb-25-2026 16:19:43,Feb-25-2026 17:57:33,ice-gpu,NVIDIA H100 80GB HBM3,/storage/ice1/3/3/rswaminathan38/Research/Antidote/script/finetune/antidote_poison_ratio-4118688.out,,/storage/ice1/3/3/rswaminathan38/Research/Antidote/ckpt/sst2/Llama-2-7b-hf_antidote_f_0.1_0.5_5000_2000,/storage/ice1/3/3/rswaminathan38/Research/Antidote/data/poison/sst2/Llama-2-7b-hf_antidote_f_0.1_0.5_5000_2000,/storage/ice1/3/3/rswaminathan38/Research/Antidote/data/poison/sst2/Llama-2-7b-hf_antidote_f_0.1_0.5_5000_2000_sentiment_eval.json,/storage/ice1/3/3/rswaminathan38/Research/Antidote/data/sst2/Llama-2-7b-hf_antidote_f_0.1_0.5_5000_2000,65.20,91.86,,0.5,0.1
antidote_poison_ratio,completed_success,4118689,undercover,Feb-25-2026 16:19:43,Feb-25-2026 17:57:57,ice-gpu,NVIDIA H100 80GB HBM3,/storage/ice1/3/3/rswaminathan38/Research/Antidote/script/finetune/antidote_poison_ratio-4118689.out,,/storage/ice1/3/3/rswaminathan38/Research/Antidote/ckpt/sst2/Llama-2-7b-hf_antidote_f_0.1_0.8_5000_2000,/storage/ice1/3/3/rswaminathan38/Research/Antidote/data/poison/sst2/Llama-2-7b-hf_antidote_f_0.1_0.8_5000_2000,/storage/ice1/3/3/rswaminathan38/Research/Antidote/data/poison/sst2/Llama-2-7b-hf_antidote_f_0.1_0.8_5000_2000_sentiment_eval.json,/storage/ice1/3/3/rswaminathan38/Research/Antidote/data/sst2/Llama-2-7b-hf_antidote_f_0.1_0.8_5000_2000,63.60,86.81,,0.8,0.1
antidote_stage1_sft,completed_no_success_marker,4051661,sft_antidote,Feb-05-2026 15:25:17,Feb-05-2026 16:44:44,ice-gpu,NVIDIA H100 80GB HBM3,/storage/ice1/3/3/rswaminathan38/Research/Antidote/script/finetune/sft_antidote-4051661.out,epilog present without completion marker,,/storage/ice1/3/3/rswaminathan38/Research/Antidote/data/poison/sst2/Llama-2-7b-hf_sft_f_0.1_5000,/storage/ice1/3/3/rswaminathan38/Research/Antidote/data/poison/sst2/Llama-2-7b-hf_sft_f_0.1_5000_sentiment_eval.json,/storage/ice1/3/3/rswaminathan38/Research/Antidote/data/sst2/Llama-2-7b-hf_sft_f_0.1_5000,78.80,95.99,,0.1,
antidote_stage1_sft,completed_success,4051770,sft_antidote,Feb-05-2026 17:06:18,Feb-05-2026 18:31:04,ice-gpu,NVIDIA H100 80GB HBM3,/storage/ice1/3/3/rswaminathan38/Research/Antidote/script/finetune/sft_antidote-4051770.out,,/storage/ice1/3/3/rswaminathan38/Research/Antidote/ckpt/sst2/Llama-2-7b-hf_sft_f_0.1_5000,/storage/ice1/3/3/rswaminathan38/Research/Antidote/data/poison/sst2/Llama-2-7b-hf_sft_f_0.1_5000,/storage/ice1/3/3/rswaminathan38/Research/Antidote/data/poison/sst2/Llama-2-7b-hf_sft_f_0.1_5000_sentiment_eval.json,/storage/ice1/3/3/rswaminathan38/Research/Antidote/data/sst2/Llama-2-7b-hf_sft_f_0.1_5000,79.80,95.99,,0.1,
antidote_stage1_sft,completed_success,4051775,sft_antidote,Feb-05-2026 17:09:16,Feb-05-2026 18:37:45,ice-gpu,NVIDIA H100 80GB HBM3,/storage/ice1/3/3/rswaminathan38/Research/Antidote/script/finetune/sft_antidote-4051775.out,,/storage/ice1/3/3/rswaminathan38/Research/Antidote/ckpt/sst2/Llama-2-7b-hf_sft_f_0.2_5000,/storage/ice1/3/3/rswaminathan38/Research/Antidote/data/poison/sst2/Llama-2-7b-hf_sft_f_0.2_5000,/storage/ice1/3/3/rswaminathan38/Research/Antidote/data/poison/sst2/Llama-2-7b-hf_sft_f_0.2_5000_sentiment_eval.json,/storage/ice1/3/3/rswaminathan38/Research/Antidote/data/sst2/Llama-2-7b-hf_sft_f_0.2_5000,80.30,95.30,,0.2,
vaccine_poison_ratio_attempt,completed_no_success_marker,4900733,vaccine_pr_05_sem,Apr-17-2026 05:58:39,Apr-17-2026 05:58:39,ice-gpu,,/storage/ice1/3/3/rswaminathan38/Research/Antidote/script/finetune/vaccine_poison_ratio-4900733.out,epilog present without completion marker,,,,,,,,,
vaccine_poison_ratio_attempt,completed_no_success_marker,4900734,vaccine_pr_08_sem,Apr-17-2026 05:59:09,Apr-17-2026 05:59:09,ice-gpu,,/storage/ice1/3/3/rswaminathan38/Research/Antidote/script/finetune/vaccine_poison_ratio-4900734.out,epilog present without completion marker,,,,,,,,,
vaccine_poison_ratio_attempt,completed_no_success_marker,4900736,vaccine_pr_01_sem,Apr-17-2026 05:59:39,Apr-17-2026 05:59:39,ice-gpu,,/storage/ice1/3/3/rswaminathan38/Research/Antidote/script/finetune/vaccine_poison_ratio-4900736.out,epilog present without completion marker,,,,,,,,,
other,completed_no_success_marker,2384798,undercover,Mar-30-2025 14:51:55,Mar-30-2025 17:16:24,ice-gpu,,/storage/ice1/3/3/rswaminathan38/Research/Antidote/script/rebuttal_ablation/antidote_lr_gsm8k-2384798.out,epilog present without completion marker,,/storage/ice1/3/3/rswaminathan38/Research/Antidote/data/poison/gsm8k/Llama-2-7b-hf_antidote_f_0.01_0.2_5000_2000_1e-4,/storage/ice1/3/3/rswaminathan38/Research/Antidote/data/poison/gsm8k/Llama-2-7b-hf_antidote_f_0.01_0.2_5000_2000_1e-4_sentiment_eval.json,/storage/ice1/3/3/rswaminathan38/Research/Antidote/data/gsm8k/Llama-2-7b-hf_antidote_f_0.01_0.2_5000_2000_1e-4,71.80,,,,
other,completed_no_success_marker,2384799,undercover,Mar-30-2025 14:51:55,Mar-30-2025 17:12:35,ice-gpu,,/storage/ice1/3/3/rswaminathan38/Research/Antidote/script/rebuttal_ablation/antidote_lr_gsm8k-2384799.out,epilog present without completion marker,,/storage/ice1/3/3/rswaminathan38/Research/Antidote/data/poison/gsm8k/Llama-2-7b-hf_antidote_f_0.05_0.2_5000_2000_1e-4,/storage/ice1/3/3/rswaminathan38/Research/Antidote/data/poison/gsm8k/Llama-2-7b-hf_antidote_f_0.05_0.2_5000_2000_1e-4_sentiment_eval.json,/storage/ice1/3/3/rswaminathan38/Research/Antidote/data/gsm8k/Llama-2-7b-hf_antidote_f_0.05_0.2_5000_2000_1e-4,65.30,,,,
other,completed_no_success_marker,2384801,undercover,Mar-30-2025 14:52:07,Mar-30-2025 16:57:44,ice-gpu,,/storage/ice1/3/3/rswaminathan38/Research/Antidote/script/rebuttal_ablation/antidote_lr_gsm8k-2384801.out,epilog present without completion marker,,/storage/ice1/3/3/rswaminathan38/Research/Antidote/data/poison/gsm8k/Llama-2-7b-hf_antidote_f_0.1_0.2_5000_2000_1e-4,/storage/ice1/3/3/rswaminathan38/Research/Antidote/data/poison/gsm8k/Llama-2-7b-hf_antidote_f_0.1_0.2_5000_2000_1e-4_sentiment_eval.json,/storage/ice1/3/3/rswaminathan38/Research/Antidote/data/gsm8k/Llama-2-7b-hf_antidote_f_0.1_0.2_5000_2000_1e-4,60.90,,,,
other,completed_no_success_marker,2384802,undercover,Mar-30-2025 14:52:25,Mar-30-2025 16:52:47,ice-gpu,,/storage/ice1/3/3/rswaminathan38/Research/Antidote/script/rebuttal_ablation/antidote_lr_gsm8k-2384802.out,epilog present without completion marker,,/storage/ice1/3/3/rswaminathan38/Research/Antidote/data/poison/gsm8k/Llama-2-7b-hf_antidote_f_0.15_0.2_5000_2000_1e-4,/storage/ice1/3/3/rswaminathan38/Research/Antidote/data/poison/gsm8k/Llama-2-7b-hf_antidote_f_0.15_0.2_5000_2000_1e-4_sentiment_eval.json,/storage/ice1/3/3/rswaminathan38/Research/Antidote/data/gsm8k/Llama-2-7b-hf_antidote_f_0.15_0.2_5000_2000_1e-4,58.10,,,,
other,completed_no_success_marker,2384804,undercover,Mar-30-2025 14:52:25,Mar-30-2025 16:51:29,ice-gpu,,/storage/ice1/3/3/rswaminathan38/Research/Antidote/script/rebuttal_ablation/antidote_lr_gsm8k-2384804.out,epilog present without completion marker,,/storage/ice1/3/3/rswaminathan38/Research/Antidote/data/poison/gsm8k/Llama-2-7b-hf_antidote_f_0.25_0.2_5000_2000_1e-4,/storage/ice1/3/3/rswaminathan38/Research/Antidote/data/poison/gsm8k/Llama-2-7b-hf_antidote_f_0.25_0.2_5000_2000_1e-4_sentiment_eval.json,/storage/ice1/3/3/rswaminathan38/Research/Antidote/data/gsm8k/Llama-2-7b-hf_antidote_f_0.25_0.2_5000_2000_1e-4,56.10,,,,
other,completed_no_success_marker,2386404,undercover,Mar-30-2025 16:37:08,Mar-30-2025 17:12:37,ice-gpu,,/storage/ice1/3/3/rswaminathan38/Research/Antidote/script/rebuttal_ablation/antidote_lr_gsm8k-2386404.out,epilog present without completion marker,,/storage/ice1/3/3/rswaminathan38/Research/Antidote/data/poison/gsm8k/Llama-2-7b-hf_antidote_f_0.2_0.2_5000_2000_1e-4,/storage/ice1/3/3/rswaminathan38/Research/Antidote/data/poison/gsm8k/Llama-2-7b-hf_antidote_f_0.2_0.2_5000_2000_1e-4_sentiment_eval.json,/storage/ice1/3/3/rswaminathan38/Research/Antidote/data/gsm8k/Llama-2-7b-hf_antidote_f_0.2_0.2_5000_2000_1e-4,56.40,,,,
other,completed_no_success_marker,2382338,lisa,Mar-28-2025 22:21:27,Mar-29-2025 02:16:51,ice-gpu,,/storage/ice1/3/3/rswaminathan38/Research/Antidote/script/rebuttal_gsm8k_benign/LDIFS_lr_gsm8k-2382338.out,epilog present without completion marker,,/storage/ice1/3/3/rswaminathan38/Research/Antidote/data/poison/gsm8k/Llama-2-7b-hf_LDIFS_f_0.0001_0_5000_100_900_10000_1e-3,/storage/ice1/3/3/rswaminathan38/Research/Antidote/data/poison/gsm8k/Llama-2-7b-hf_LDIFS_f_0.0001_0_5000_100_900_10000_1e-3_sentiment_eval.json,/storage/ice1/3/3/rswaminathan38/Research/Antidote/data/gsm8k/Llama-2-7b-hf_LDIFS_f_0.0001_0_5000_100_900_10000_1e-3,64.40,,,,
other,completed_no_success_marker,2382599,undercover,Mar-29-2025 01:36:45,Mar-29-2025 03:35:39,ice-gpu,,/storage/ice1/3/3/rswaminathan38/Research/Antidote/script/rebuttal_gsm8k_benign/antidote-2382599.out,epilog present without completion marker,,/storage/ice1/3/3/rswaminathan38/Research/Antidote/data/poison/gsm8k/Llama-2-7b-hf_antidote_f_0.01_0_5000_2000_1e-3,/storage/ice1/3/3/rswaminathan38/Research/Antidote/data/poison/gsm8k/Llama-2-7b-hf_antidote_f_0.01_0_5000_2000_1e-3_sentiment_eval.json,/storage/ice1/3/3/rswaminathan38/Research/Antidote/data/gsm8k/Llama-2-7b-hf_antidote_f_0.01_0_5000_2000_1e-3,57.10,,,,
other,completed_no_success_marker,2411050,undercover,Apr-03-2025 17:14:03,Apr-03-2025 18:12:12,ice-gpu,,/storage/ice1/3/3/rswaminathan38/Research/Antidote/script/rebuttal_gsm8k_benign/antidote_lr_gsm8k-2411050.out,epilog present without completion marker,,/storage/ice1/3/3/rswaminathan38/Research/Antidote/data/poison/gsm8k/Llama-2-7b-hf_antidote_f_0.01_0_5000_2000_1e-3_random,/storage/ice1/3/3/rswaminathan38/Research/Antidote/data/poison/gsm8k/Llama-2-7b-hf_antidote_f_0.01_0_5000_2000_1e-3_random_sentiment_eval.json,/storage/ice1/3/3/rswaminathan38/Research/Antidote/data/gsm8k/Llama-2-7b-hf_antidote_f_0.01_0_5000_2000_1e-3_random,57.40,,,,
other,completed_no_success_marker,2382300,lisa,Mar-28-2025 21:10:51,Mar-28-2025 23:21:32,ice-gpu,,/storage/ice1/3/3/rswaminathan38/Research/Antidote/script/rebuttal_gsm8k_benign/lisa_lr-2382300.out,epilog present without completion marker,,/storage/ice1/3/3/rswaminathan38/Research/Antidote/data/poison/gsm8k/Llama-2-7b-hf_lisa_f_0.1_0_5000_100_900_10000_1e-3,/storage/ice1/3/3/rswaminathan38/Research/Antidote/data/poison/gsm8k/Llama-2-7b-hf_lisa_f_0.1_0_5000_100_900_10000_1e-3_sentiment_eval.json,/storage/ice1/3/3/rswaminathan38/Research/Antidote/data/gsm8k/Llama-2-7b-hf_lisa_f_0.1_0_5000_100_900_10000_1e-3,59.20,,,,
other,completed_no_success_marker,2382309,sft,Mar-28-2025 21:19:52,Mar-28-2025 22:21:03,ice-gpu,,/storage/ice1/3/3/rswaminathan38/Research/Antidote/script/rebuttal_gsm8k_benign/repnoise_lr_gsm8k-2382309.out,epilog present without completion marker,,/storage/ice1/3/3/rswaminathan38/Research/Antidote/data/poison/gsm8k/Llama-2-7b-hf_repnoise_0.1_0.001_f_0_5000_1e-3,/storage/ice1/3/3/rswaminathan38/Research/Antidote/data/poison/gsm8k/Llama-2-7b-hf_repnoise_0.1_0.001_f_0_5000_1e-3_sentiment_eval.json,/storage/ice1/3/3/rswaminathan38/Research/Antidote/data/gsm8k/Llama-2-7b-hf_repnoise_0.1_0.001_f_0_5000_1e-3,66.10,,,,
other,completed_no_success_marker,2382208,undercover,Mar-28-2025 19:21:09,Mar-28-2025 21:05:33,ice-gpu,,/storage/ice1/3/3/rswaminathan38/Research/Antidote/script/rebuttal_gsm8k_benign/sft_lr_gsm8k-2382208.out,epilog present without completion marker,,/storage/ice1/3/3/rswaminathan38/Research/Antidote/data/poison/gsm8k/Llama-2-7b-hf_sft_f_0_5000_1e-3,/storage/ice1/3/3/rswaminathan38/Research/Antidote/data/poison/gsm8k/Llama-2-7b-hf_sft_f_0_5000_1e-3_sentiment_eval.json,/storage/ice1/3/3/rswaminathan38/Research/Antidote/data/gsm8k/Llama-2-7b-hf_sft_f_0_5000_1e-3,61.50,,,,
other,completed_no_success_marker,2382241,sft,Mar-28-2025 19:54:44,Mar-28-2025 21:08:32,ice-gpu,,/storage/ice1/3/3/rswaminathan38/Research/Antidote/script/rebuttal_gsm8k_benign/vaccine_lr_gsm8k-2382241.out,epilog present without completion marker,,/storage/ice1/3/3/rswaminathan38/Research/Antidote/data/poison/gsm8k/Llama-2-7b-hf_vaccine_f_2_0_5000_1e-3,/storage/ice1/3/3/rswaminathan38/Research/Antidote/data/poison/gsm8k/Llama-2-7b-hf_vaccine_f_2_0_5000_1e-3_sentiment_eval.json,/storage/ice1/3/3/rswaminathan38/Research/Antidote/data/gsm8k/Llama-2-7b-hf_vaccine_f_2_0_5000_1e-3,58.90,,,,
other,completed_no_success_marker,2412118,undercover,Apr-04-2025 01:13:05,Apr-04-2025 01:57:07,ice-gpu,,/storage/ice1/3/3/rswaminathan38/Research/Antidote/script/rebuttal_gsm8k_benign_zh/antidote_lr_gsm8k_zh-2412118.out,epilog present without completion marker,,/storage/ice1/3/3/rswaminathan38/Research/Antidote/data/poison/gsm8k_zh/Meta-Llama-3-8B_antidote_f_0.02_0_5000_2000_1e-3,/storage/ice1/3/3/rswaminathan38/Research/Antidote/data/poison/gsm8k_zh/Meta-Llama-3-8B_antidote_f_0.02_0_5000_2000_1e-3_sentiment_eval.json,/storage/ice1/3/3/rswaminathan38/Research/Antidote/data/gsm8k_zh/Meta-Llama-3-8B_antidote_f_0.02_0_5000_2000_1e-3,65.40,,,,
other,completed_no_success_marker,2412119,undercover,Apr-04-2025 01:15:35,Apr-04-2025 02:24:10,ice-gpu,,/storage/ice1/3/3/rswaminathan38/Research/Antidote/script/rebuttal_gsm8k_benign_zh/sft_lr_gsm8k_zh-2412119.out,epilog present without completion marker,,/storage/ice1/3/3/rswaminathan38/Research/Antidote/data/poison/gsm8k_zh/Meta-Llama-3-8B_sft_f_0_5000_1e-3,/storage/ice1/3/3/rswaminathan38/Research/Antidote/data/poison/gsm8k_zh/Meta-Llama-3-8B_sft_f_0_5000_1e-3_sentiment_eval.json,/storage/ice1/3/3/rswaminathan38/Research/Antidote/data/gsm8k_zh/Meta-Llama-3-8B_sft_f_0_5000_1e-3,73.60,,,,
other,completed_no_success_marker,2383820,lisa,Mar-30-2025 00:04:40,Mar-30-2025 02:50:55,ice-gpu,,/storage/ice1/3/3/rswaminathan38/Research/Antidote/script/rebuttal_llama3/LDIFS_lr_gsm8k-2383820.out,epilog present without completion marker,,/storage/ice1/3/3/rswaminathan38/Research/Antidote/data/poison/gsm8k/Meta-Llama-3-8B_LDIFS_f_0.0001_0.2_5000_100_900_10000_1e-3,/storage/ice1/3/3/rswaminathan38/Research/Antidote/data/poison/gsm8k/Meta-Llama-3-8B_LDIFS_f_0.0001_0.2_5000_100_900_10000_1e-3_sentiment_eval.json,/storage/ice1/3/3/rswaminathan38/Research/Antidote/data/gsm8k/Meta-Llama-3-8B_LDIFS_f_0.0001_0.2_5000_100_900_10000_1e-3,71.50,,,,
other,completed_no_success_marker,2384306,undercover,Mar-30-2025 09:04:05,Mar-30-2025 09:56:21,ice-gpu,,/storage/ice1/3/3/rswaminathan38/Research/Antidote/script/rebuttal_llama3/antidote_lr_gsm8k-2384306.out,epilog present without completion marker,,/storage/ice1/3/3/rswaminathan38/Research/Antidote/data/poison/gsm8k/Meta-Llama-3-8B_antidote_f_0.05_0.2_5000_2000_1e-3,/storage/ice1/3/3/rswaminathan38/Research/Antidote/data/poison/gsm8k/Meta-Llama-3-8B_antidote_f_0.05_0.2_5000_2000_1e-3_sentiment_eval.json,/storage/ice1/3/3/rswaminathan38/Research/Antidote/data/gsm8k/Meta-Llama-3-8B_antidote_f_0.05_0.2_5000_2000_1e-3,71.20,,,,
other,completed_no_success_marker,2383819,lisa,Mar-30-2025 00:04:01,Mar-30-2025 01:54:19,ice-gpu,,/storage/ice1/3/3/rswaminathan38/Research/Antidote/script/rebuttal_llama3/lisa_lr-2383819.out,epilog present without completion marker,,/storage/ice1/3/3/rswaminathan38/Research/Antidote/data/poison/gsm8k/Meta-Llama-3-8B_lisa_f_0.1_0.2_5000_100_900_10000_1e-3,/storage/ice1/3/3/rswaminathan38/Research/Antidote/data/poison/gsm8k/Meta-Llama-3-8B_lisa_f_0.1_0.2_5000_100_900_10000_1e-3_sentiment_eval.json,/storage/ice1/3/3/rswaminathan38/Research/Antidote/data/gsm8k/Meta-Llama-3-8B_lisa_f_0.1_0.2_5000_100_900_10000_1e-3,74.40,,,,
other,completed_no_success_marker,2383817,sft,Mar-30-2025 00:03:40,Mar-30-2025 01:58:13,ice-gpu,,/storage/ice1/3/3/rswaminathan38/Research/Antidote/script/rebuttal_llama3/repnoise_lr_gsm8k-2383817.out,epilog present without completion marker,,/storage/ice1/3/3/rswaminathan38/Research/Antidote/data/poison/gsm8k/Meta-Llama-3-8B_repnoise_0.1_0.001_f_0.2_5000_1e-3,/storage/ice1/3/3/rswaminathan38/Research/Antidote/data/poison/gsm8k/Meta-Llama-3-8B_repnoise_0.1_0.001_f_0.2_5000_1e-3_sentiment_eval.json,/storage/ice1/3/3/rswaminathan38/Research/Antidote/data/gsm8k/Meta-Llama-3-8B_repnoise_0.1_0.001_f_0.2_5000_1e-3,78.30,,,,
other,completed_no_success_marker,2384482,undercover,Mar-30-2025 11:58:05,Mar-30-2025 12:50:30,ice-gpu,,/storage/ice1/3/3/rswaminathan38/Research/Antidote/script/rebuttal_llama3/sft_lr_gsm8k-2384482.out,epilog present without completion marker,,/storage/ice1/3/3/rswaminathan38/Research/Antidote/data/poison/gsm8k/Meta-Llama-3-8B_sft_f_0.2_5000_1e-3,/storage/ice1/3/3/rswaminathan38/Research/Antidote/data/poison/gsm8k/Meta-Llama-3-8B_sft_f_0.2_5000_1e-3_sentiment_eval.json,/storage/ice1/3/3/rswaminathan38/Research/Antidote/data/gsm8k/Meta-Llama-3-8B_sft_f_0.2_5000_1e-3,80.30,,,,
other,completed_no_success_marker,2383815,sft,Mar-30-2025 00:03:40,Mar-30-2025 02:09:09,ice-gpu,,/storage/ice1/3/3/rswaminathan38/Research/Antidote/script/rebuttal_llama3/vaccine_lr_gsm8k-2383815.out,epilog present without completion marker,,/storage/ice1/3/3/rswaminathan38/Research/Antidote/data/poison/gsm8k/Meta-Llama-3-8B_vaccine_f_2_0.2_5000_1e-3,/storage/ice1/3/3/rswaminathan38/Research/Antidote/data/poison/gsm8k/Meta-Llama-3-8B_vaccine_f_2_0.2_5000_1e-3_sentiment_eval.json,/storage/ice1/3/3/rswaminathan38/Research/Antidote/data/gsm8k/Meta-Llama-3-8B_vaccine_f_2_0.2_5000_1e-3,77.50,,,,
other,completed_no_success_marker,2382519,lisa,Mar-29-2025 00:09:08,Mar-29-2025 01:30:29,ice-gpu,,/storage/ice1/3/3/rswaminathan38/Research/Antidote/script/rebuttal_wiki/LDIFS_alpaca-2382519.out,epilog present without completion marker,,/storage/ice1/3/3/rswaminathan38/Research/Antidote/data/poison/alpaca/Llama-2-7b-hf_LDIFS_f_0.0001_0_700_100_900_10000_1e-3_20,/storage/ice1/3/3/rswaminathan38/Research/Antidote/data/poison/alpaca/Llama-2-7b-hf_LDIFS_f_0.0001_0_700_100_900_10000_1e-3_20_sentiment_eval.json,/storage/ice1/3/3/rswaminathan38/Research/Antidote/data/wiki/Llama-2-7b-hf_LDIFS_f_0.0001_0_700_100_900_10000_1e-3_20.json,62.90,,,,
other,completed_no_success_marker,2382334,undercover,Mar-28-2025 21:39:23,Mar-28-2025 23:37:08,ice-gpu,,/storage/ice1/3/3/rswaminathan38/Research/Antidote/script/rebuttal_wiki/antidote-2382334.out,epilog present without completion marker,,/storage/ice1/3/3/rswaminathan38/Research/Antidote/data/poison/alpaca/Llama-2-7b-hf_antidote_f_0.01_0_5000_2000_1e-3,/storage/ice1/3/3/rswaminathan38/Research/Antidote/data/poison/alpaca/Llama-2-7b-hf_antidote_f_0.01_0_5000_2000_1e-3_sentiment_eval.json,/storage/ice1/3/3/rswaminathan38/Research/Antidote/data/wiki/Llama-2-7b-hf_antidote_f_0.01_0_5000_2000_1e-3.json,50.10,,,,
other,completed_no_success_marker,2382333,lisa,Mar-28-2025 21:38:53,Mar-28-2025 22:30:29,ice-gpu,,/storage/ice1/3/3/rswaminathan38/Research/Antidote/script/rebuttal_wiki/lisa_alpaca_wiki-2382333.out,epilog present without completion marker,,/storage/ice1/3/3/rswaminathan38/Research/Antidote/data/poison/alpaca/Llama-2-7b-hf_lisa_f_1_0_700_10_990_10000_1e-3_20,/storage/ice1/3/3/rswaminathan38/Research/Antidote/data/poison/alpaca/Llama-2-7b-hf_lisa_f_1_0_700_10_990_10000_1e-3_20_sentiment_eval.json,/storage/ice1/3/3/rswaminathan38/Research/Antidote/data/wiki/Llama-2-7b-hf_lisa_f_1_0_700_10_990_10000_1e-3_20.json,55.90,,,,
other,completed_no_success_marker,2382331,sft,Mar-28-2025 21:38:53,Mar-28-2025 23:48:58,ice-gpu,,/storage/ice1/3/3/rswaminathan38/Research/Antidote/script/rebuttal_wiki/repnoise_alpaca-2382331.out,epilog present without completion marker,,/storage/ice1/3/3/rswaminathan38/Research/Antidote/data/poison/alpaca/Llama-2-7b-hf_repnoise_0.1_0.001_f_0_700_1e-3_20,/storage/ice1/3/3/rswaminathan38/Research/Antidote/data/poison/alpaca/Llama-2-7b-hf_repnoise_0.1_0.001_f_0_700_1e-3_20_sentiment_eval.json,/storage/ice1/3/3/rswaminathan38/Research/Antidote/data/wiki/Llama-2-7b-hf_repnoise_0.1_0.001_f_0_700_1e-3_20.json,52.30,,,,
other,completed_no_success_marker,2382538,sft,Mar-29-2025 00:00:37,Mar-29-2025 01:39:38,ice-gpu,,/storage/ice1/3/3/rswaminathan38/Research/Antidote/script/rebuttal_wiki/sft_alpaca-2382538.out,epilog present without completion marker,,/storage/ice1/3/3/rswaminathan38/Research/Antidote/data/poison/alpaca/Llama-2-7b-hf_sft_f_0_700_1e-3_20,/storage/ice1/3/3/rswaminathan38/Research/Antidote/data/poison/alpaca/Llama-2-7b-hf_sft_f_0_700_1e-3_20_sentiment_eval.json,/storage/ice1/3/3/rswaminathan38/Research/Antidote/data/wiki/Llama-2-7b-hf_sft_f_0_700_1e-3_20,51.80,,,,
vaccine_misc,completed_no_success_marker,2382329,vaccine,Mar-28-2025 21:37:23,Mar-28-2025 23:33:43,ice-gpu,,/storage/ice1/3/3/rswaminathan38/Research/Antidote/script/rebuttal_wiki/vaccine_alpaca-2382329.out,epilog present without completion marker,,/storage/ice1/3/3/rswaminathan38/Research/Antidote/data/poison/alpaca/Llama-2-7b-hf_vaccine_f_2_0_700_1e-3_20,/storage/ice1/3/3/rswaminathan38/Research/Antidote/data/poison/alpaca/Llama-2-7b-hf_vaccine_f_2_0_700_1e-3_20_sentiment_eval.json,/storage/ice1/3/3/rswaminathan38/Research/Antidote/data/wiki/Llama-2-7b-hf_vaccine_f_2_0_700_1e-3_20.json,51.80,,,,
other,completed_success,4039391,sst2_KL,Jan-28-2026 13:09:41,Jan-28-2026 14:24:52,ice-gpu,NVIDIA H100 80GB HBM3,/storage/ice1/3/3/rswaminathan38/Research/Vaccine-1/script/KL_finetune/sst2_KL_4039391.out,,,/storage/ice1/3/3/rswaminathan38/Research/Vaccine-1/data/poison/sst2/Llama-2-7b-hf_KL_f_0.1_0.1_500,/storage/ice1/3/3/rswaminathan38/Research/Vaccine-1/data/poison/sst2/Llama-2-7b-hf_KL_f_0.1_0.1_500_sentiment_eval.json,/storage/ice1/3/3/rswaminathan38/Research/Vaccine-1/data/sst2/Llama-2-7b-hf_KL_f_0.1_0.1_500,51.20,64.20,,,
other,completed_success,4037691,sft,Jan-27-2026 22:07:58,Jan-27-2026 23:26:42,coc-gpu,NVIDIA A100-PCIE-40GB,/storage/ice1/3/3/rswaminathan38/Research/Vaccine-1/script/alignment/SFT_4037691.out,,,/storage/ice1/3/3/rswaminathan38/Research/Vaccine-1/data/poison/Llama-2-7b-hf_sft,/storage/ice1/3/3/rswaminathan38/Research/Vaccine-1/data/poison/Llama-2-7b-hf_sft_sentiment_eval.json,/storage/ice1/3/3/rswaminathan38/Research/Vaccine-1/data/poison/Llama-2-7b-hf_sft,52.20,,,,
vaccine_alignment,completed_success,4036661,vaccine_rho2_basic,Jan-27-2026 17:24:10,Jan-27-2026 19:16:18,coc-gpu,NVIDIA A100 80GB PCIe,/storage/ice1/3/3/rswaminathan38/Research/Vaccine-1/script/alignment/Vaccine_4036661.out,,,/storage/ice1/3/3/rswaminathan38/Research/Vaccine-1/data/poison/Llama-2-7b-hf_vaccine_2,/storage/ice1/3/3/rswaminathan38/Research/Vaccine-1/data/poison/Llama-2-7b-hf_vaccine_2_sentiment_eval.json,/storage/ice1/3/3/rswaminathan38/Research/Vaccine-1/data/poison/Llama-2-7b-hf_vaccine_2,42.80,,2,,
vaccine_alignment,completed_success,4037688,vaccine_rho10_basic,Jan-27-2026 22:01:16,Jan-28-2026 00:28:29,coc-gpu,NVIDIA A100 80GB PCIe,/storage/ice1/3/3/rswaminathan38/Research/Vaccine-1/script/alignment/Vaccine_4037688.out,,,/storage/ice1/3/3/rswaminathan38/Research/Vaccine-1/data/poison/Llama-2-7b-hf_vaccine_10,/storage/ice1/3/3/rswaminathan38/Research/Vaccine-1/data/poison/Llama-2-7b-hf_vaccine_10_sentiment_eval.json,/storage/ice1/3/3/rswaminathan38/Research/Vaccine-1/data/poison/Llama-2-7b-hf_vaccine_10,34.00,,10,,
vaccine_alignment,completed_no_success_marker,4900735,vaccine_rho5_sem,Apr-17-2026 02:50:58,Apr-17-2026 02:53:01,coc-gpu,,/storage/ice1/3/3/rswaminathan38/Research/Vaccine-1/script/alignment/Vaccine_4900735.out,project root resolved to /var/lib/slurm; epilog present without completion marker,/var/lib/slurm/ckpt/Llama-2-7b-hf_vaccine_5,/var/lib/slurm/data/poison/Llama-2-7b-hf_vaccine_5,/var/lib/slurm/data/poison/Llama-2-7b-hf_vaccine_5_sentiment_eval.json,,,,5,,
other,completed_success,4039358,drift_sst2,Jan-28-2026 12:46:20,Jan-28-2026 14:34:18,coc-gpu,NVIDIA A40,/storage/ice1/3/3/rswaminathan38/Research/Vaccine-1/script/no_alignment_finetune/drift_sst2_4039358.out,,,/storage/ice1/3/3/rswaminathan38/Research/Vaccine-1/data/poison/sst2/Llama-2-7b-hf_noAlign_f_0.1_1000,/storage/ice1/3/3/rswaminathan38/Research/Vaccine-1/data/poison/sst2/Llama-2-7b-hf_noAlign_f_0.1_1000_sentiment_eval.json,/storage/ice1/3/3/rswaminathan38/Research/Vaccine-1/data/sst2/Llama-2-7b-hf_noAlign_f_0.1_1000,79.80,93.80,,,
other,completed_no_success_marker,4039376,notrain_sst2,Jan-28-2026 12:56:40,Jan-28-2026 14:23:34,coc-gpu,NVIDIA A100-PCIE-40GB,/storage/ice1/3/3/rswaminathan38/Research/Vaccine-1/script/no_alignment_finetune/notrain_sst2-4039376.out,epilog present without completion marker,,/storage/ice1/3/3/rswaminathan38/Research/Vaccine-1/data/poison/sst2/Llama-2-7b-hf_noAlign_f_pretrain,/storage/ice1/3/3/rswaminathan38/Research/Vaccine-1/data/poison/sst2/Llama-2-7b-hf_noAlign_f_pretrain_sentiment_eval.json,/storage/ice1/3/3/rswaminathan38/Research/Vaccine-1/data/sst2/Llama-2-7b-hf_noAlign_f_pretrain,72.60,1.60,,,
vaccine_misc,completed_no_success_marker,4036440,vaccine,Jan-27-2026 16:30:10,Jan-27-2026 17:50:29,coc-gpu,NVIDIA A100 80GB PCIe,/storage/ice1/3/3/rswaminathan38/Research/Vaccine-1/script/no_alignment_finetune/pretrain_sst2-4036440.out,epilog present without completion marker,,/storage/ice1/3/3/rswaminathan38/Research/Vaccine-1/data/poison/sst2/Llama-2-7b-hf_noAlign_f_pretrain,/storage/ice1/3/3/rswaminathan38/Research/Vaccine-1/data/poison/sst2/Llama-2-7b-hf_noAlign_f_pretrain_sentiment_eval.json,/storage/ice1/3/3/rswaminathan38/Research/Vaccine-1/data/sst2/Llama-2-7b-hf_noAlign_f_pretrain,72.60,1.60,,,
other,completed_no_success_marker,4039335,lockdown_sst2,Jan-28-2026 12:31:18,Jan-28-2026 13:30:24,ice-gpu,NVIDIA H100 80GB HBM3,/storage/ice1/3/3/rswaminathan38/Research/Vaccine-1/script/vlguard_finetune/lockdown_sst2-4039335.out,epilog present without completion marker,,/storage/ice1/3/3/rswaminathan38/Research/Vaccine-1/data/poison/sst2/Llama-2-7b-hf_vlguard_f_0.05_500_200,/storage/ice1/3/3/rswaminathan38/Research/Vaccine-1/data/poison/sst2/Llama-2-7b-hf_vlguard_f_0.05_500_200_sentiment_eval.json,/storage/ice1/3/3/rswaminathan38/Research/Vaccine-1/data/sst2/Llama-2-7b-hf_vlguard_f_0.05_500_200,52.20,93.40,,,
vaccine_alignment,completed_success,4913721,vaccine_rho5_sem,Apr-17-2026 23:39:55,Apr-18-2026 01:38:55,coc-gpu,NVIDIA A100-PCIE-40GB,/storage/ice1/3/3/rswaminathan38/Research/Vaccine_4913721.out,,/storage/ice1/3/3/rswaminathan38/Research/Vaccine-1/ckpt/Llama-2-7b-hf_vaccine_5,/storage/ice1/3/3/rswaminathan38/Research/Vaccine-1/data/poison/Llama-2-7b-hf_vaccine_5,/storage/ice1/3/3/rswaminathan38/Research/Vaccine-1/data/poison/Llama-2-7b-hf_vaccine_5_sentiment_eval.json,/storage/ice1/3/3/rswaminathan38/Research/Vaccine-1/data/poison/Llama-2-7b-hf_vaccine_5,40.00,,5,,
antidote_dense_ratio,completed_success,4913723,antidote_dr_02_h200,Apr-18-2026 05:27:49,Apr-18-2026 06:39:58,ice-gpu,NVIDIA H200,/storage/ice1/3/3/rswaminathan38/Research/antidote_dense_ratio_safe-4913723.out,,/storage/ice1/3/3/rswaminathan38/Research/Antidote/ckpt/sst2/Llama-2-7b-hf_antidote_f_0.2_0.2_5000_2000,/storage/ice1/3/3/rswaminathan38/Research/Antidote/data/poison/sst2/Llama-2-7b-hf_antidote_f_0.2_0.2_5000_2000,/storage/ice1/3/3/rswaminathan38/Research/Antidote/data/poison/sst2/Llama-2-7b-hf_antidote_f_0.2_0.2_5000_2000_sentiment_eval.json,/storage/ice1/3/3/rswaminathan38/Research/Antidote/data/sst2/Llama-2-7b-hf_antidote_f_0.2_0.2_5000_2000,58.00,85.67,,0.2,0.2
antidote_dense_ratio,completed_success,4913724,antidote_dr_005_h200,Apr-18-2026 05:57:40,Apr-18-2026 07:14:41,ice-gpu,NVIDIA H200,/storage/ice1/3/3/rswaminathan38/Research/antidote_dense_ratio_safe-4913724.out,,/storage/ice1/3/3/rswaminathan38/Research/Antidote/ckpt/sst2/Llama-2-7b-hf_antidote_f_0.05_0.2_5000_2000,/storage/ice1/3/3/rswaminathan38/Research/Antidote/data/poison/sst2/Llama-2-7b-hf_antidote_f_0.05_0.2_5000_2000,/storage/ice1/3/3/rswaminathan38/Research/Antidote/data/poison/sst2/Llama-2-7b-hf_antidote_f_0.05_0.2_5000_2000_sentiment_eval.json,/storage/ice1/3/3/rswaminathan38/Research/Antidote/data/sst2/Llama-2-7b-hf_antidote_f_0.05_0.2_5000_2000,69.90,95.18,,0.2,0.05
vaccine_poison_ratio,completed_success,4913722,vaccine_pr_01_sem,Apr-17-2026 22:35:48,Apr-18-2026 01:16:30,ice-gpu,NVIDIA H100 80GB HBM3,/storage/ice1/3/3/rswaminathan38/Research/vaccine_poison_ratio_safe-4913722.out,,/storage/ice1/3/3/rswaminathan38/Research/Antidote/ckpt/sst2/Llama-2-7b-hf_vaccine_f_2_0.1_5000,/storage/ice1/3/3/rswaminathan38/Research/Antidote/data/poison/sst2/Llama-2-7b-hf_vaccine_f_2_0.1_5000,/storage/ice1/3/3/rswaminathan38/Research/Antidote/data/poison/sst2/Llama-2-7b-hf_vaccine_f_2_0.1_5000_sentiment_eval.json,/storage/ice1/3/3/rswaminathan38/Research/Antidote/data/sst2/Llama-2-7b-hf_vaccine_f_2_0.1_5000,82.20,95.76,2,0.1,
vaccine_poison_ratio,completed_success,4913725,vaccine_pr_05_sem,Apr-18-2026 00:35:26,Apr-18-2026 03:10:16,ice-gpu,NVIDIA H100 80GB HBM3,/storage/ice1/3/3/rswaminathan38/Research/vaccine_poison_ratio_safe-4913725.out,,/storage/ice1/3/3/rswaminathan38/Research/Antidote/ckpt/sst2/Llama-2-7b-hf_vaccine_f_2_0.5_5000,/storage/ice1/3/3/rswaminathan38/Research/Antidote/data/poison/sst2/Llama-2-7b-hf_vaccine_f_2_0.5_5000,/storage/ice1/3/3/rswaminathan38/Research/Antidote/data/poison/sst2/Llama-2-7b-hf_vaccine_f_2_0.5_5000_sentiment_eval.json,/storage/ice1/3/3/rswaminathan38/Research/Antidote/data/sst2/Llama-2-7b-hf_vaccine_f_2_0.5_5000,79.60,93.92,2,0.5,
vaccine_poison_ratio,completed_success,4913726,vaccine_pr_08_sem,Apr-18-2026 01:07:28,Apr-18-2026 03:42:06,ice-gpu,NVIDIA H100 80GB HBM3,/storage/ice1/3/3/rswaminathan38/Research/vaccine_poison_ratio_safe-4913726.out,,/storage/ice1/3/3/rswaminathan38/Research/Antidote/ckpt/sst2/Llama-2-7b-hf_vaccine_f_2_0.8_5000,/storage/ice1/3/3/rswaminathan38/Research/Antidote/data/poison/sst2/Llama-2-7b-hf_vaccine_f_2_0.8_5000,/storage/ice1/3/3/rswaminathan38/Research/Antidote/data/poison/sst2/Llama-2-7b-hf_vaccine_f_2_0.8_5000_sentiment_eval.json,/storage/ice1/3/3/rswaminathan38/Research/Antidote/data/sst2/Llama-2-7b-hf_vaccine_f_2_0.8_5000,81.40,93.00,2,0.8,
